{
  "project_info": {
    "project_number": "1067501112993",
    "firebase_url": "https://socialflutter-39b66.firebaseio.com",
    "project_id": "socialflutter-39b66",
    "storage_bucket": "socialflutter-39b66.appspot.com"
  },
  "client": [
    {
      "client_info": {
        "mobilesdk_app_id": "1:1067501112993:android:af3bca066b069d5174aae0",
        "android_client_info": {
          "package_name": "com.example.social"
        }
      },
      "oauth_client": [
        {
          "client_id": "1067501112993-ke4kng2bn2lhngul49raus76vfg7nkkk.apps.googleusercontent.com",
          "client_type": 3
        }
      ],
      "api_key": [
        {
          "current_key": "AIzaSyB0U2Ov0EBY7swu6yWSSTr_SI8_fcAfGgw"
        }
      ],
      "services": {
        "appinvite_service": {
          "other_platform_oauth_client": [
            {
              "client_id": "1067501112993-ke4kng2bn2lhngul49raus76vfg7nkkk.apps.googleusercontent.com",
              "client_type": 3
            },
            {
              "client_id": "1067501112993-s72gipshpfkahk5ltl828ipcftp6pn05.apps.googleusercontent.com",
              "client_type": 2,
              "ios_info": {
                "bundle_id": "io.flutter.app.FlutterApplication"
              }
            }
          ]
        }
      }
    }
  ],
  "configuration_version": "1"
}